{"cameraMode":{"drawMode":0,"name":"Shaded","section":"Shading Mode"},"sceneLighting":false,"audioPlay":false,"sceneViewState":{"m_AlwaysRefresh":false,"showFog":true,"showSkybox":false,"showFlares":true,"showImageEffects":true,"showParticleSystems":true,"showVisualEffectGraphs":true,"m_FxEnabled":true},"in2DMode":false,"pivot":{"x":9.972513198852539,"y":-0.997779369354248,"z":-0.021009206771850587},"rotation":{"x":0.08810541778802872,"y":-0.07910552620887757,"z":0.007019177079200745,"w":0.9929409027099609},"size":1.8521106243133546,"orthographic":false}